{"name":"8ecbe325-9174-40eb-add7-ec18fde6d379","id":"/providers/Microsoft.Flow/flows/8ecbe325-9174-40eb-add7-ec18fde6d379","type":"Microsoft.Flow/flows","properties":{"apiId":"/providers/Microsoft.PowerApps/apis/shared_logicflows","displayName":"GSS PDI form server API","definition":{"metadata":{"workflowEntityId":null,"processAdvisorMetadata":null,"flowChargedByPaygo":null,"flowclientsuspensionreason":"None","flowclientsuspensiontime":null,"flowclientsuspensionreasondetails":null,"creator":{"id":"efff8be0-43c7-4625-af4b-4be9a25acedd","type":"User","tenantId":"d44ff723-4fa7-405e-afc0-43c21e573043"},"provisioningMethod":"FromDefinition","failureAlertSubscription":true,"clientLastModifiedTime":"2025-07-09T12:48:42.1473779Z","connectionKeySavedTimeKey":"2025-07-09T12:48:42.1473779Z","creationSource":"Portal","modifiedSources":"Portal"},"$schema":"https://schema.management.azure.com/providers/Microsoft.Logic/schemas/2016-06-01/workflowdefinition.json#","contentVersion":"1.0.0.0","parameters":{"$authentication":{"defaultValue":{},"type":"SecureObject"},"$connections":{"defaultValue":{},"type":"Object"}},"triggers":{"manual":{"metadata":{},"type":"Request","kind":"Http","inputs":{"method":"POST","triggerAuthenticationType":"All"}}},"actions":{"send_response":{"runAfter":{"for_each_files":["Succeeded"]},"type":"Response","kind":"Http","inputs":{"statusCode":200}},"for_each_files":{"foreach":"@triggerBody()?['$multipart']","actions":{"if_not_json":{"actions":{"Saving_files":{"type":"OpenApiConnection","inputs":{"parameters":{"folderPath":"/power automate files/PDI images/@{formatDateTime(body('Extracting_JSON_from_multipart')?['Date'],'yyyy')}/@{formatDateTime(body('Extracting_JSON_from_multipart')?['Date'],'MMMM-yyyy')}/@{body('Extracting_JSON_from_multipart')?['Project_Reference_number']}_Cnt @{body('Extracting_JSON_from_multipart')?['Container_number']}","name":"@split(split(items('for_each_files')?['headers']?['Content-Disposition'],'filename=')[1],'\"')[1]","body":"@base64ToBinary(items('for_each_files')?['body']?['$content'])"},"host":{"apiId":"/providers/Microsoft.PowerApps/apis/shared_onedriveforbusiness","connectionName":"shared_onedriveforbusiness","operationId":"CreateFile"},"authentication":"@parameters('$authentication')"},"runtimeConfiguration":{"contentTransfer":{"transferMode":"Chunked"}}}},"else":{"actions":{}},"expression":{"and":[{"not":{"equals":["@items('for_each_files')?['headers']?['Content-Type']","application/json"]}}]},"type":"If"}},"runAfter":{"Append_data_in_excel_table":["Succeeded"]},"type":"Foreach"},"init_PDI_inspectors":{"runAfter":{"Extracting_JSON_from_multipart":["Succeeded"]},"type":"InitializeVariable","inputs":{"variables":[{"name":"PDI_Inspectors","type":"string"}]}},"init_issues":{"runAfter":{"init_PDI_inspectors":["Succeeded"]},"type":"InitializeVariable","inputs":{"variables":[{"name":"Issues","type":"string"}]}},"Extracting_JSON_from_multipart":{"runAfter":{},"type":"ParseJson","inputs":{"content":"@triggerBody()?['$multipart'][0]?['body']","schema":{"type":"object","properties":{"Project_Reference_number":{"type":"string"},"Customer_name":{"type":"string"},"Container_number":{"type":"string"},"Container_ID":{"type":"string"},"Container_size":{"type":"string"},"Date":{"type":"string"},"Shift":{"type":"string"},"PDI_inspectors":{"type":"array","items":{"type":"string"}},"Issues":{"type":"array","items":{"type":"object","properties":{"issue":{"type":"string"},"qty":{"type":"number"},"status":{"type":"string"}}}},"Status":{"type":"string"}}}}},"Append_to_PDI_inspectors":{"runAfter":{"init_issues":["Succeeded"]},"type":"AppendToStringVariable","inputs":{"name":"PDI_Inspectors","value":"@body('Extracting_JSON_from_multipart')?['PDI_inspectors']"}},"Append_to_Issues":{"runAfter":{"Append_to_PDI_inspectors":["Succeeded"]},"type":"AppendToStringVariable","inputs":{"name":"Issues","value":"@body('Extracting_JSON_from_multipart')?['Issues']"}},"Append_data_in_excel_table":{"runAfter":{"Append_to_Issues":["Succeeded"]},"metadata":{"01GTZBNBXANFB3L27UFBG2ZZFZ3ZRYXOIY":"/power automate files/PDI form data.xlsx","tableId":"{78B236D5-326A-4857-8E55-EC875D3DBF6F}"},"type":"OpenApiConnection","inputs":{"parameters":{"source":"me","drive":"b!Uk7yVn3rcEOauwsQco5QYVQQpwEQkwlAtRxQMLqnJjJGRnzpzlt2QZ40EHKcgYSR","file":"01GTZBNBXANFB3L27UFBG2ZZFZ3ZRYXOIY","table":"{78B236D5-326A-4857-8E55-EC875D3DBF6F}","item/Project Reference number":"@body('Extracting_JSON_from_multipart')?['Project_Reference_number']","item/Customer name":"@body('Extracting_JSON_from_multipart')?['Customer_name']","item/Container number":"@body('Extracting_JSON_from_multipart')?['Container_number']","item/Container ID":"@body('Extracting_JSON_from_multipart')?['Container_ID']","item/Container size":"@body('Extracting_JSON_from_multipart')?['Container_size']","item/Date":"@body('Extracting_JSON_from_multipart')?['Date']","item/Shift":"@body('Extracting_JSON_from_multipart')?['Shift']","item/PDI inspectors":"@variables('PDI_Inspectors')","item/Issues":"@variables('Issues')","item/Status":"@body('Extracting_JSON_from_multipart')?['Status']"},"host":{"apiId":"/providers/Microsoft.PowerApps/apis/shared_excelonlinebusiness","connectionName":"shared_excelonlinebusiness","operationId":"AddRowV2"},"authentication":"@parameters('$authentication')"}}},"outputs":{}},"connectionReferences":{"shared_onedriveforbusiness":{"connectionName":"b5c4d2cc2f3c42d2a457d87630d7f2c5","source":"Embedded","id":"/providers/Microsoft.PowerApps/apis/shared_onedriveforbusiness","tier":"NotSpecified","apiName":"onedriveforbusiness","isProcessSimpleApiReferenceConversionAlreadyDone":false},"shared_excelonlinebusiness":{"connectionName":"5966b6ec421b4ff499dbf5b251a5d796","source":"Embedded","id":"/providers/Microsoft.PowerApps/apis/shared_excelonlinebusiness","tier":"NotSpecified","apiName":"excelonlinebusiness","isProcessSimpleApiReferenceConversionAlreadyDone":false}},"flowFailureAlertSubscribed":false,"isManaged":false}}